"filename", "language", "CMake", "C++", "Shell Script", "YAML", "C", "HTML", "Markdown", "CSS", "JavaScript", "Makefile", "comment", "blank", "total"
"/Users/fengzetao/Workspace/Docker/server/server/Makefile", "Makefile", 0, 0, 0, 0, 0, 0, 0, 0, 0, 25, 0, 4, 29
"/Users/fengzetao/Workspace/Docker/server/server/README.md", "Markdown", 0, 0, 0, 0, 0, 0, 91, 0, 0, 0, 47, 68, 206
"/Users/fengzetao/Workspace/Docker/server/server/bin/conf/log.yml", "YAML", 0, 0, 0, 17, 0, 0, 0, 0, 0, 0, 0, 0, 17
"/Users/fengzetao/Workspace/Docker/server/server/bin/conf/server.yml", "YAML", 0, 0, 0, 2, 0, 0, 0, 0, 0, 0, 0, 0, 2
"/Users/fengzetao/Workspace/Docker/server/server/bin/conf/system.yml", "YAML", 0, 0, 0, 2, 0, 0, 0, 0, 0, 0, 0, 0, 2
"/Users/fengzetao/Workspace/Docker/server/server/cmake/utils.cmake", "CMake", 30, 0, 0, 0, 0, 0, 0, 0, 0, 0, 0, 3, 33
"/Users/fengzetao/Workspace/Docker/server/server/generate.sh", "Shell Script", 0, 0, 31, 0, 0, 0, 0, 0, 0, 0, 1, 6, 38
"/Users/fengzetao/Workspace/Docker/server/server/src/address.cc", "C++", 0, 459, 0, 0, 0, 0, 0, 0, 0, 0, 7, 82, 548
"/Users/fengzetao/Workspace/Docker/server/server/src/address.h", "C++", 0, 115, 0, 0, 0, 0, 0, 0, 0, 0, 160, 49, 324
"/Users/fengzetao/Workspace/Docker/server/server/src/application.cc", "C++", 0, 231, 0, 0, 0, 0, 0, 0, 0, 0, 4, 42, 277
"/Users/fengzetao/Workspace/Docker/server/server/src/application.h", "C++", 0, 24, 0, 0, 0, 0, 0, 0, 0, 0, 1, 10, 35
"/Users/fengzetao/Workspace/Docker/server/server/src/bytearray.cc", "C++", 0, 565, 0, 0, 0, 0, 0, 0, 0, 0, 0, 90, 655
"/Users/fengzetao/Workspace/Docker/server/server/src/bytearray.h", "C++", 0, 91, 0, 0, 0, 0, 0, 0, 0, 0, 323, 65, 479
"/Users/fengzetao/Workspace/Docker/server/server/src/config.cc", "C++", 0, 118, 0, 0, 0, 0, 0, 0, 0, 0, 7, 21, 146
"/Users/fengzetao/Workspace/Docker/server/server/src/config.h", "C++", 0, 346, 0, 0, 0, 0, 0, 0, 0, 0, 168, 52, 566
"/Users/fengzetao/Workspace/Docker/server/server/src/daemon.cc", "C++", 0, 66, 0, 0, 0, 0, 0, 0, 0, 0, 2, 8, 76
"/Users/fengzetao/Workspace/Docker/server/server/src/daemon.h", "C++", 0, 20, 0, 0, 0, 0, 0, 0, 0, 0, 13, 9, 42
"/Users/fengzetao/Workspace/Docker/server/server/src/endian.h", "C++", 0, 48, 0, 0, 0, 0, 0, 0, 0, 0, 21, 15, 84
"/Users/fengzetao/Workspace/Docker/server/server/src/env.cc", "C++", 0, 129, 0, 0, 0, 0, 0, 0, 0, 0, 2, 21, 152
"/Users/fengzetao/Workspace/Docker/server/server/src/env.h", "C++", 0, 38, 0, 0, 0, 0, 0, 0, 0, 0, 70, 25, 133
"/Users/fengzetao/Workspace/Docker/server/server/src/fd_manager.cc", "C++", 0, 94, 0, 0, 0, 0, 0, 0, 0, 0, 0, 15, 109
"/Users/fengzetao/Workspace/Docker/server/server/src/fd_manager.h", "C++", 0, 46, 0, 0, 0, 0, 0, 0, 0, 0, 74, 19, 139
"/Users/fengzetao/Workspace/Docker/server/server/src/fiber.cc", "C++", 0, 143, 0, 0, 0, 0, 0, 0, 0, 0, 33, 35, 211
"/Users/fengzetao/Workspace/Docker/server/server/src/fiber.h", "C++", 0, 44, 0, 0, 0, 0, 0, 0, 0, 0, 78, 22, 144
"/Users/fengzetao/Workspace/Docker/server/server/src/hook.cc", "C++", 0, 416, 0, 0, 0, 0, 0, 0, 0, 0, 0, 59, 475
"/Users/fengzetao/Workspace/Docker/server/server/src/hook.h", "C++", 0, 59, 0, 0, 0, 0, 0, 0, 0, 0, 11, 28, 98
"/Users/fengzetao/Workspace/Docker/server/server/src/http/http-parser/http_parser.c", "C", 0, 0, 0, 0, 1886, 0, 0, 0, 0, 0, 218, 395, 2499
"/Users/fengzetao/Workspace/Docker/server/server/src/http/http-parser/http_parser.h", "C++", 0, 279, 0, 0, 0, 0, 0, 0, 0, 0, 105, 56, 440
"/Users/fengzetao/Workspace/Docker/server/server/src/http/http.cc", "C++", 0, 312, 0, 0, 0, 0, 0, 0, 0, 0, 4, 42, 358
"/Users/fengzetao/Workspace/Docker/server/server/src/http/http.h", "C++", 0, 201, 0, 0, 0, 0, 0, 0, 0, 0, 417, 94, 712
"/Users/fengzetao/Workspace/Docker/server/server/src/http/http_connection.cc", "C++", 0, 357, 0, 0, 0, 0, 0, 0, 0, 0, 71, 36, 464
"/Users/fengzetao/Workspace/Docker/server/server/src/http/http_connection.h", "C++", 0, 131, 0, 0, 0, 0, 0, 0, 0, 0, 184, 33, 348
"/Users/fengzetao/Workspace/Docker/server/server/src/http/http_parser.cc", "C++", 0, 253, 0, 0, 0, 0, 0, 0, 0, 0, 64, 45, 362
"/Users/fengzetao/Workspace/Docker/server/server/src/http/http_parser.h", "C++", 0, 54, 0, 0, 0, 0, 0, 0, 0, 0, 101, 32, 187
"/Users/fengzetao/Workspace/Docker/server/server/src/http/http_server.cc", "C++", 0, 62, 0, 0, 0, 0, 0, 0, 0, 0, 4, 14, 80
"/Users/fengzetao/Workspace/Docker/server/server/src/http/http_server.h", "C++", 0, 39, 0, 0, 0, 0, 0, 0, 0, 0, 18, 18, 75
"/Users/fengzetao/Workspace/Docker/server/server/src/http/http_session.cc", "C++", 0, 48, 0, 0, 0, 0, 0, 0, 0, 0, 22, 10, 80
"/Users/fengzetao/Workspace/Docker/server/server/src/http/http_session.h", "C++", 0, 16, 0, 0, 0, 0, 0, 0, 0, 0, 19, 9, 44
"/Users/fengzetao/Workspace/Docker/server/server/src/http/servlet.cc", "C++", 0, 141, 0, 0, 0, 0, 0, 0, 0, 0, 0, 26, 167
"/Users/fengzetao/Workspace/Docker/server/server/src/http/servlet.h", "C++", 0, 125, 0, 0, 0, 0, 0, 0, 0, 0, 103, 41, 269
"/Users/fengzetao/Workspace/Docker/server/server/src/iomanager.cc", "C++", 0, 357, 0, 0, 0, 0, 0, 0, 0, 0, 55, 61, 473
"/Users/fengzetao/Workspace/Docker/server/server/src/iomanager.h", "C++", 0, 55, 0, 0, 0, 0, 0, 0, 0, 0, 107, 25, 187
"/Users/fengzetao/Workspace/Docker/server/server/src/jujimeizuo.h", "C++", 0, 34, 0, 0, 0, 0, 0, 0, 0, 0, 0, 1, 35
"/Users/fengzetao/Workspace/Docker/server/server/src/library.cc", "C++", 0, 70, 0, 0, 0, 0, 0, 0, 0, 0, 0, 11, 81
"/Users/fengzetao/Workspace/Docker/server/server/src/library.h", "C++", 0, 11, 0, 0, 0, 0, 0, 0, 0, 0, 0, 5, 16
"/Users/fengzetao/Workspace/Docker/server/server/src/log.cc", "C++", 0, 602, 0, 0, 0, 0, 0, 0, 0, 0, 67, 76, 745
"/Users/fengzetao/Workspace/Docker/server/server/src/log.h", "C++", 0, 191, 0, 0, 0, 0, 0, 0, 0, 0, 301, 97, 589
"/Users/fengzetao/Workspace/Docker/server/server/src/macro.h", "C++", 0, 30, 0, 0, 0, 0, 0, 0, 0, 0, 4, 6, 40
"/Users/fengzetao/Workspace/Docker/server/server/src/main.cc", "C++", 0, 13, 0, 0, 0, 0, 0, 0, 0, 0, 0, 1, 14
"/Users/fengzetao/Workspace/Docker/server/server/src/module.cc", "C++", 0, 141, 0, 0, 0, 0, 0, 0, 0, 0, 0, 34, 175
"/Users/fengzetao/Workspace/Docker/server/server/src/module.h", "C++", 0, 67, 0, 0, 0, 0, 0, 0, 0, 0, 10, 23, 100
"/Users/fengzetao/Workspace/Docker/server/server/src/mutex.cc", "C++", 0, 21, 0, 0, 0, 0, 0, 0, 0, 0, 0, 7, 28
"/Users/fengzetao/Workspace/Docker/server/server/src/mutex.h", "C++", 0, 197, 0, 0, 0, 0, 0, 0, 0, 0, 178, 54, 429
"/Users/fengzetao/Workspace/Docker/server/server/src/noncopyable.h", "C++", 0, 12, 0, 0, 0, 0, 0, 0, 0, 0, 15, 8, 35
"/Users/fengzetao/Workspace/Docker/server/server/src/scheduler.cc", "C++", 0, 164, 0, 0, 0, 0, 0, 0, 0, 0, 23, 32, 219
"/Users/fengzetao/Workspace/Docker/server/server/src/scheduler.h", "C++", 0, 89, 0, 0, 0, 0, 0, 0, 0, 0, 75, 28, 192
"/Users/fengzetao/Workspace/Docker/server/server/src/singleton.h", "C++", 0, 34, 0, 0, 0, 0, 0, 0, 0, 0, 20, 12, 66
"/Users/fengzetao/Workspace/Docker/server/server/src/socket.cc", "C++", 0, 421, 0, 0, 0, 0, 0, 0, 0, 0, 0, 55, 476
"/Users/fengzetao/Workspace/Docker/server/server/src/socket.h", "C++", 0, 92, 0, 0, 0, 0, 0, 0, 0, 0, 244, 60, 396
"/Users/fengzetao/Workspace/Docker/server/server/src/stream.cc", "C++", 0, 51, 0, 0, 0, 0, 0, 0, 0, 0, 0, 8, 59
"/Users/fengzetao/Workspace/Docker/server/server/src/stream.h", "C++", 0, 21, 0, 0, 0, 0, 0, 0, 0, 0, 81, 15, 117
"/Users/fengzetao/Workspace/Docker/server/server/src/streams/socket_stream.cc", "C++", 0, 83, 0, 0, 0, 0, 0, 0, 0, 0, 0, 15, 98
"/Users/fengzetao/Workspace/Docker/server/server/src/streams/socket_stream.h", "C++", 0, 29, 0, 0, 0, 0, 0, 0, 0, 0, 59, 16, 104
"/Users/fengzetao/Workspace/Docker/server/server/src/tcp_server.cc", "C++", 0, 112, 0, 0, 0, 0, 0, 0, 0, 0, 0, 16, 128
"/Users/fengzetao/Workspace/Docker/server/server/src/tcp_server.h", "C++", 0, 129, 0, 0, 0, 0, 0, 0, 0, 0, 62, 26, 217
"/Users/fengzetao/Workspace/Docker/server/server/src/thread.cc", "C++", 0, 65, 0, 0, 0, 0, 0, 0, 0, 0, 0, 15, 80
"/Users/fengzetao/Workspace/Docker/server/server/src/thread.h", "C++", 0, 26, 0, 0, 0, 0, 0, 0, 0, 0, 39, 16, 81
"/Users/fengzetao/Workspace/Docker/server/server/src/timer.cc", "C++", 0, 182, 0, 0, 0, 0, 0, 0, 0, 0, 1, 25, 208
"/Users/fengzetao/Workspace/Docker/server/server/src/timer.h", "C++", 0, 57, 0, 0, 0, 0, 0, 0, 0, 0, 85, 19, 161
"/Users/fengzetao/Workspace/Docker/server/server/src/uri.cc", "C++", 0, 102, 0, 0, 0, 0, 0, 0, 0, 0, 1, 21, 124
"/Users/fengzetao/Workspace/Docker/server/server/src/uri.h", "C++", 0, 42, 0, 0, 0, 0, 0, 0, 0, 0, 88, 27, 157
"/Users/fengzetao/Workspace/Docker/server/server/src/util.cc", "C++", 0, 492, 0, 0, 0, 0, 0, 0, 0, 0, 5, 55, 552
"/Users/fengzetao/Workspace/Docker/server/server/src/util.h", "C++", 0, 66, 0, 0, 0, 0, 0, 0, 0, 0, 179, 42, 287
"/Users/fengzetao/Workspace/Docker/server/server/src/worker.cc", "C++", 0, 93, 0, 0, 0, 0, 0, 0, 0, 0, 0, 18, 111
"/Users/fengzetao/Workspace/Docker/server/server/src/worker.h", "C++", 0, 66, 0, 0, 0, 0, 0, 0, 0, 0, 0, 14, 80
"/Users/fengzetao/Workspace/Docker/server/server/template/bin/conf/log.yml", "YAML", 0, 0, 0, 17, 0, 0, 0, 0, 0, 0, 0, 0, 17
"/Users/fengzetao/Workspace/Docker/server/server/template/bin/conf/server.yml", "YAML", 0, 0, 0, 2, 0, 0, 0, 0, 0, 0, 0, 0, 2
"/Users/fengzetao/Workspace/Docker/server/server/template/bin/conf/system.yml", "YAML", 0, 0, 0, 2, 0, 0, 0, 0, 0, 0, 0, 0, 2
"/Users/fengzetao/Workspace/Docker/server/server/template/bin/static/css/btn.css", "CSS", 0, 0, 0, 0, 0, 0, 0, 65, 0, 0, 0, 1, 66
"/Users/fengzetao/Workspace/Docker/server/server/template/bin/static/css/font-awesome.min.css", "CSS", 0, 0, 0, 0, 0, 0, 0, 1, 0, 0, 3, 1, 5
"/Users/fengzetao/Workspace/Docker/server/server/template/bin/static/css/mask.css", "CSS", 0, 0, 0, 0, 0, 0, 0, 56, 0, 0, 4, 1, 61
"/Users/fengzetao/Workspace/Docker/server/server/template/bin/static/css/style.css", "CSS", 0, 0, 0, 0, 0, 0, 0, 87, 0, 0, 1, 7, 95
"/Users/fengzetao/Workspace/Docker/server/server/template/bin/static/index.html", "HTML", 0, 0, 0, 0, 0, 61, 0, 0, 0, 0, 1, 9, 71
"/Users/fengzetao/Workspace/Docker/server/server/template/bin/static/js/boom.js", "JavaScript", 0, 0, 0, 0, 0, 0, 0, 0, 155, 0, 0, 8, 163
"/Users/fengzetao/Workspace/Docker/server/server/template/bin/static/js/mask.js", "JavaScript", 0, 0, 0, 0, 0, 0, 0, 0, 9, 0, 1, 2, 12
"/Users/fengzetao/Workspace/Docker/server/server/template/move.sh", "Shell Script", 0, 0, 9, 0, 0, 0, 0, 0, 0, 0, 1, 2, 12
"/Users/fengzetao/Workspace/Docker/server/server/template/template/my_module.cc", "C++", 0, 36, 0, 0, 0, 0, 0, 0, 0, 0, 0, 12, 48
"/Users/fengzetao/Workspace/Docker/server/server/template/template/my_module.h", "C++", 0, 12, 0, 0, 0, 0, 0, 0, 0, 0, 0, 3, 15
"Total", "-", 30, 9335, 40, 42, 1886, 61, 91, 209, 164, 25, 4062, 2589, 18534